,title,writer,main_idea,genre,category,short_description
0,تسلی‌بخشی‌های فلسفه,آلن دو باتن,استفاده از فلسفه برای تسلی‌بخشی در مواجهه با مشکلات زندگی,فلسفه,غیرداستانی,این کتاب به بررسی چگونگی استفاده از آموزه‌های فیلسوفان بزرگ برای مواجهه با مشکلات و چالش‌های زندگی روزمره می‌پردازد.
1,هنر سیر و سفر,آلن دو باتن,بررسی فلسفی و روانشناختی تجربه سفر,فلسفه,غیرداستانی,آلن دو باتن در این کتاب به تحلیل و بررسی تجربه سفر از دیدگاه فلسفی و روانشناختی می‌پردازد و نشان می‌دهد که چگونه سفر می‌تواند به رشد فردی و شناخت بهتر از خود و جهان کمک کند.
2,پروژه شادی,آلن دو باتن,جستجوی شادی و رضایت در زندگی روزمره,فلسفه,غیرداستانی,این کتاب به بررسی مفهوم شادی و راه‌های دستیابی به آن در زندگی روزمره می‌پردازد و از دیدگاه‌های مختلف فلسفی و روانشناختی برای ارائه راهکارهای عملی استفاده می‌کند.
3,وقتی نیچه گریست,اروین یالوم,بررسی روانشناسی و فلسفه از طریق داستانی تخیلی,رمان,روانشناسی، فلسفه,این کتاب داستانی تخیلی از ملاقات بین دکتر بروئر و فردریش نیچه است که در آن به بررسی مسائل روانشناسی و فلسفی پرداخته می‌شود.
4,درمان شوپنهاور,اروین یالوم,ترکیب فلسفه شوپنهاور با روان‌درمانی,رمان,روانشناسی، فلسفه,این کتاب داستانی درباره یک روان‌درمانگر است که با استفاده از فلسفه شوپنهاور به درمان بیماران خود می‌پردازد.
5,مسئله اسپینوزا,اروین یالوم,بررسی زندگی و فلسفه باروخ اسپینوزا,رمان,روانشناسی، فلسفه,این کتاب به بررسی زندگی و فلسفه باروخ اسپینوزا و تأثیر آن بر روانشناسی و فلسفه مدرن می‌پردازد.
6,کیمیاگر,پائولو کوئیلو,دنبال کردن رویاها و یافتن گنج درونی,رمان,ادبیات داستانی,داستان چوپانی به نام سانتیاگو که به دنبال گنجی در مصر می‌رود و در این مسیر به کشف خود و معنای زندگی می‌پردازد.
7,ورونیکا تصمیم می‌گیرد بمیرد,پائولو کوئیلو,ارزش زندگی و یافتن معنا در لحظات سخت,رمان,ادبیات داستانی,ورونیکا، دختری جوان که پس از تلاش برای خودکشی در بیمارستان روانی بستری می‌شود و در آنجا با افراد مختلفی آشنا می‌شود که به او کمک می‌کنند تا معنای واقعی زندگی را بیابد.
8,بریدا,پائولو کوئیلو,جستجوی معنویت و کشف خود,رمان,ادبیات داستانی,داستان دختری به نام بریدا که به دنبال کشف معنویت و جادوگری است و در این مسیر با استادان مختلفی آشنا می‌شود که به او در یافتن راهش کمک می‌کنند.
9,غرور و تعصب,جین آستن,تضاد بین غرور و تعصب در روابط انسانی,رمان عاشقانه,ادبیات کلاسیک,این کتاب داستان عشق و سوءتفاهم بین الیزابت بنت و آقای دارسی را روایت می‌کند که در نهایت به درک و احترام متقابل می‌انجامد.
10,عقل و احساس,جین آستن,تضاد بین عقل و احساس در تصمیم‌گیری‌های زندگی,رمان عاشقانه,ادبیات کلاسیک,این کتاب داستان دو خواهر، الینور و ماریان دشوود، را روایت می‌کند که هر یک به شیوه‌ای متفاوت با عشق و مشکلات زندگی روبرو می‌شوند.
11,اما,جین آستن,تأثیر دخالت‌های نادرست در زندگی دیگران,رمان عاشقانه,ادبیات کلاسیک,این کتاب داستان اما وودهاوس، دختری جوان و ثروتمند، را روایت می‌کند که با دخالت‌های نادرست خود در زندگی دیگران، مشکلاتی را ایجاد می‌کند و در نهایت به درک بهتری از خود و دیگران می‌رسد.
12,در جستجوی زمان از دست رفته,مارسل پروست,کاوش در خاطرات و تاثیر زمان بر زندگی انسان,رمان,ادبیات کلاسیک,این مجموعه رمان هفت جلدی به بررسی خاطرات و تجربیات نویسنده از دوران کودکی تا بزرگسالی می‌پردازد و تاثیر زمان و حافظه بر زندگی انسان را به تصویر می‌کشد.
13,طرف خانه سوان,مارسل پروست,تحلیل عشق و روابط انسانی,رمان,ادبیات کلاسیک,این کتاب اولین جلد از مجموعه 'در جستجوی زمان از دست رفته' است و به بررسی عشق و روابط انسانی از دیدگاه شخصیت‌های مختلف می‌پردازد.
14,در سایه دوشیزگان شکوفا,مارسل پروست,تجربه‌های جوانی و تاثیر آن‌ها بر شخصیت,رمان,ادبیات کلاسیک,این کتاب دومین جلد از مجموعه 'در جستجوی زمان از دست رفته' است و به بررسی تجربه‌های جوانی و تاثیر آن‌ها بر شکل‌گیری شخصیت انسان می‌پردازد.
15,آرزوهای بزرگ,چارلز دیکنز,رشد و تحول شخصیت اصلی از کودکی تا بزرگسالی,رمان,ادبیات کلاسیک,این کتاب داستان زندگی پسر یتیمی به نام پیپ را روایت می‌کند که با کمک یک خیر ناشناس به آرزوهای بزرگ خود دست می‌یابد.
16,داستان دو شهر,چارلز دیکنز,تضاد و تغییرات اجتماعی در دوران انقلاب فرانسه,رمان تاریخی,ادبیات کلاسیک,این کتاب داستان دو شهر لندن و پاریس را در دوران انقلاب فرانسه به تصویر می‌کشد و به بررسی تاثیرات این انقلاب بر زندگی مردم می‌پردازد.
17,الیور توئیست,چارلز دیکنز,مبارزه یک پسر یتیم برای بقا و یافتن هویت خود,رمان اجتماعی,ادبیات کلاسیک,این کتاب داستان زندگی الیور توئیست، پسر یتیمی که در فقر و سختی بزرگ می‌شود و تلاش می‌کند تا راه خود را در جامعه پیدا کند، روایت می‌کند.
18,جنگ و صلح,لئو تولستوی,تأثیر جنگ بر زندگی افراد و جامعه,رمان تاریخی,ادبیات کلاسیک,این کتاب به بررسی تأثیرات جنگ ناپلئون بر جامعه روسیه و زندگی افراد مختلف می‌پردازد و داستان‌های متعددی از عشق، فداکاری و تغییرات اجتماعی را روایت می‌کند.
19,آنا کارنینا,لئو تولستوی,تضاد بین عشق و وظیفه اجتماعی,رمان اجتماعی,ادبیات کلاسیک,این رمان داستان زندگی آنا کارنینا، زنی از طبقه اشرافی روسیه، و مشکلاتی که در پی عشق ممنوعه‌اش با یک افسر جوان به وجود می‌آید را به تصویر می‌کشد.
20,رستاخیز,لئو تولستوی,توبه و بازگشت به ارزش‌های اخلاقی,رمان فلسفی,ادبیات کلاسیک,این کتاب داستان شاهزاده نخلودوف را روایت می‌کند که پس از مواجهه با زنی که در گذشته به او ظلم کرده، به دنبال توبه و جبران اشتباهات خود می‌رود.
21,جنایت و مکافات,داستایوفسکی,تضاد اخلاقی و روانی انسان,رمان,ادبیات کلاسیک,این کتاب داستان راسکولنیکف، دانشجویی فقیر است که به دلیل مشکلات مالی و فلسفه‌های شخصی‌اش، مرتکب قتل می‌شود و سپس با عواقب روانی و اخلاقی این عمل دست و پنجه نرم می‌کند.
22,برادران کارامازوف,داستایوفسکی,پرسش‌های فلسفی و اخلاقی درباره خدا، آزادی و مسئولیت,رمان,ادبیات کلاسیک,این کتاب داستان چهار برادر کارامازوف را روایت می‌کند که هر یک نماینده یک جنبه از انسانیت هستند و درگیر مسائل پیچیده خانوادگی، اخلاقی و فلسفی می‌شوند.
23,ابله,داستایوفسکی,تضاد بین معصومیت و فساد اجتماعی,رمان,ادبیات کلاسیک,این کتاب داستان شاهزاده میشکین، فردی معصوم و ساده‌لوح است که به دلیل رفتارهای صادقانه و بی‌ریای خود در جامعه‌ای فاسد و پیچیده، با مشکلات و چالش‌های فراوانی روبرو می‌شود.
24,1984,جورج اورول,کنترل دولت بر زندگی خصوصی افراد,داستان علمی-تخیلی,رمان,این کتاب داستانی از یک جامعه دیکتاتوری است که در آن دولت با استفاده از تکنولوژی و پروپاگاندا، زندگی و افکار مردم را کنترل می‌کند.
25,مزرعه حیوانات,جورج اورول,نقد انقلاب‌ها و فساد قدرت,داستان تمثیلی,رمان,این کتاب داستانی تمثیلی از یک مزرعه است که حیوانات آن علیه صاحب مزرعه شورش می‌کنند و خودشان مدیریت مزرعه را به دست می‌گیرند، اما در نهایت به همان مشکلاتی که علیه آن شورش کرده بودند، دچار می‌شوند.
26,هوای تازه,جورج اورول,بحران هویت و نارضایتی از زندگی,داستان اجتماعی,رمان,این کتاب داستان زندگی مردی به نام جورج بولینگ است که در میانسالی دچار بحران هویت و نارضایتی از زندگی می‌شود و به دنبال راهی برای فرار از روزمرگی و یافتن معنای جدیدی برای زندگی‌اش می‌گردد.
27,صد سال تنهایی,گابریل گارسیا مارکز,تاریخچه خانواده بوئندیا در دهکده ماکوندو,رئالیسم جادویی,رمان,این کتاب داستان چند نسل از خانواده بوئندیا را در دهکده خیالی ماکوندو روایت می‌کند و به بررسی موضوعاتی چون عشق، جنگ، انقلاب و تنهایی می‌پردازد.
28,عشق در سال‌های وبا,گابریل گارسیا مارکز,عشق پایدار و صبر در برابر زمان,رمان عاشقانه,رمان,این کتاب داستان عشق طولانی و پر از فراز و نشیب بین فلورنتینو آریزا و فرمینا دازا را روایت می‌کند که پس از سال‌ها جدایی و مشکلات به هم می‌رسند.
29,پاییز پدرسالار,گابریل گارسیا مارکز,قدرت و فساد در حکومت دیکتاتوری,رئالیسم جادویی,رمان,این کتاب داستان زندگی یک دیکتاتور بی‌نام و نشان را روایت می‌کند که در یک کشور خیالی آمریکای لاتین حکومت می‌کند و به بررسی فساد و تنهایی او می‌پردازد.
30,قوی سیاه,نسیم طالب,رویدادهای نادر و غیرقابل پیش‌بینی که تأثیرات عظیمی دارند,فلسفه و اقتصاد,غیر داستانی,این کتاب به بررسی رویدادهای نادر و غیرقابل پیش‌بینی می‌پردازد که تأثیرات عظیمی بر جهان دارند و چگونه می‌توانیم با این نوع رویدادها مواجه شویم.
31,پوست در بازی,نسیم طالب,اهمیت داشتن ریسک شخصی در تصمیم‌گیری‌ها,فلسفه و اقتصاد,غیر داستانی,این کتاب به اهمیت داشتن ریسک شخصی در تصمیم‌گیری‌ها و تأثیر آن بر نتایج و مسئولیت‌پذیری می‌پردازد.
32,آنتی شکنندگی,نسیم طالب,چگونه سیستم‌ها و افراد می‌توانند از نوسانات و آشفتگی‌ها بهره‌مند شوند,فلسفه و اقتصاد,غیر داستانی,این کتاب به بررسی مفهوم آنتی شکنندگی می‌پردازد و توضیح می‌دهد که چگونه سیستم‌ها و افراد می‌توانند از نوسانات و آشفتگی‌ها بهره‌مند شوند و قوی‌تر شوند.
33,زندگی دوم,اس.جی. واتسون,کشف هویت و معنای زندگی,رمان,ادبیات داستانی,این کتاب داستان زنی است که پس از یک حادثه، حافظه‌اش را از دست می‌دهد و تلاش می‌کند تا هویت و گذشته خود را باز یابد.
34,زندگی پس از زندگی,کیت اتکینسون,تکرار زندگی و انتخاب‌های مختلف,رمان,ادبیات داستانی,این کتاب داستان زنی است که بارها و بارها زندگی می‌کند و هر بار با انتخاب‌های مختلفی روبرو می‌شود که مسیر زندگی‌اش را تغییر می‌دهد.
35,پروژه شادی,گریچن روبین,جستجوی خوشبختی و رضایت در زندگی,غیرداستانی,خودشناسی و روانشناسی,این کتاب داستان نویسنده‌ای است که تصمیم می‌گیرد یک سال از زندگی‌اش را به جستجوی خوشبختی و رضایت اختصاص دهد و تجربیات خود را به اشتراک می‌گذارد.
36,ارباب حلقه‌ها,جی. آر. آر. تالکین,مبارزه بین خیر و شر در دنیای خیالی میدل ارث,فانتزی,رمان,این کتاب داستان گروهی از قهرمانان را روایت می‌کند که برای نابودی حلقه‌ای قدرتمند و شکست دادن ارباب تاریکی، سائورون، به سفر می‌روند.
37,نارنیا: شیر، جادوگر و کمد,سی. اس. لوئیس,ماجراجویی چهار کودک در دنیای جادویی نارنیا,فانتزی,رمان,چهار کودک از طریق یک کمد جادویی به دنیای نارنیا وارد می‌شوند و با شیر بزرگ، اصلان، و جادوگر سفید روبرو می‌شوند.
38,ارباب زمان,تری پرچت,ماجراجویی در دنیای دیسک‌ورلد و تلاش برای نجات زمان,فانتزی,رمان,این کتاب داستان ماجراجویی‌های شخصیت‌های مختلف در دنیای دیسک‌ورلد را روایت می‌کند که باید با چالش‌های مختلفی روبرو شوند تا زمان را نجات دهند.
39,نغمه یخ و آتش,جورج آر. آر. مارتین,مبارزه برای تاج و تخت در دنیایی پر از خیانت و جادو,فانتزی حماسی,رمان,این مجموعه داستانی پیچیده از نبردهای سیاسی و نظامی در دنیایی خیالی است که در آن خاندان‌های مختلف برای به دست آوردن تاج و تخت مبارزه می‌کنند.
40,چرخ زمان,رابرت جوردن,نبرد بین نیروهای نور و تاریکی در دنیایی جادویی,فانتزی حماسی,رمان,این مجموعه داستانی درباره نبرد بین نیروهای خیر و شر در دنیایی پر از جادو و موجودات افسانه‌ای است که در آن قهرمانان باید سرنوشت جهان را تعیین کنند.
41,ارباب سایه‌ها,براندون سندرسون,مبارزه با نیروهای تاریکی در دنیایی پر از جادو و اسرار,فانتزی حماسی,رمان,این داستان درباره گروهی از قهرمانان است که باید با نیروهای تاریکی مبارزه کنند و اسرار دنیای جادویی خود را کشف کنند تا بتوانند جهان را نجات دهند.
42,جنگ و صلح,لئو تولستوی,تأثیر جنگ بر زندگی افراد و جامعه,رمان تاریخی,ادبیات کلاسیک,این کتاب به بررسی زندگی چندین شخصیت در دوران جنگ‌های ناپلئونی می‌پردازد و تأثیرات جنگ بر زندگی آن‌ها را نشان می‌دهد.
43,جنایت و مکافات,فیودور داستایوفسکی,مبارزه درونی انسان با گناه و پشیمانی,رمان فلسفی,ادبیات کلاسیک,این کتاب داستان دانشجویی فقیر را روایت می‌کند که مرتکب قتل می‌شود و سپس با عواقب روانی و اخلاقی این عمل دست و پنجه نرم می‌کند.
44,برادران کارامازوف,فیودور داستایوفسکی,بررسی پیچیدگی‌های اخلاقی و فلسفی زندگی,رمان فلسفی,ادبیات کلاسیک,این کتاب داستان خانواده‌ای پیچیده و پر از تضاد را روایت می‌کند و به بررسی مسائل اخلاقی، دینی و فلسفی می‌پردازد.
45,دنیای قشنگ نو,آلدوس هاکسلی,کنترل اجتماعی و از بین بردن فردیت,علمی-تخیلی,رمان,در این کتاب، جامعه‌ای به تصویر کشیده شده که در آن انسان‌ها تحت کنترل شدید دولت و تکنولوژی قرار دارند و فردیت و آزادی‌های شخصی از بین رفته است.
46,ما,یوگنی زامیاتین,نقد جامعه توتالیتر و از بین بردن آزادی‌های فردی,علمی-تخیلی,رمان,این کتاب داستان جامعه‌ای را روایت می‌کند که در آن دولت تمام جنبه‌های زندگی افراد را کنترل می‌کند و هرگونه مخالفت با سیستم سرکوب می‌شود.
47,فارِنهایت ۴۵۱,ری بردبری,سانسور و نابودی دانش,علمی-تخیلی,رمان,در این کتاب، جامعه‌ای به تصویر کشیده شده که در آن کتاب‌ها ممنوع و سوزانده می‌شوند و مردم از طریق رسانه‌های دولتی کنترل می‌شوند.
48,۱۹۸۴,جورج اورول,کنترل دولت بر زندگی خصوصی افراد و خطرات حکومت‌های توتالیتر,داستان علمی-تخیلی,رمان,این کتاب داستان وینستون اسمیت را روایت می‌کند که در دنیایی تحت کنترل دولت بزرگ زندگی می‌کند و تلاش می‌کند تا از کنترل و نظارت دائمی فرار کند.
49,دنیای قشنگ نو,آلدوس هاکسلی,خطرات پیشرفت‌های علمی و تکنولوژیکی بر آزادی و انسانیت,داستان علمی-تخیلی,رمان,این کتاب دنیایی را به تصویر می‌کشد که در آن انسان‌ها تحت کنترل دولت و تکنولوژی زندگی می‌کنند و آزادی و فردیت خود را از دست داده‌اند.
50,ما,یوگنی زامیاتین,نقد حکومت‌های توتالیتر و از بین رفتن فردیت در جامعه,داستان علمی-تخیلی,رمان,این کتاب داستان جامعه‌ای را روایت می‌کند که در آن همه چیز تحت کنترل دولت است و افراد به عنوان شماره‌های بی‌نام و نشان زندگی می‌کنند.
51,جزء از کل,استیو تولتز,روابط پیچیده خانوادگی و جستجوی معنا در زندگی,رمان,ادبیات معاصر,این کتاب داستان زندگی پدر و پسری است که در جستجوی معنا و هدف در زندگی خود هستند و با چالش‌های مختلفی روبرو می‌شوند.
52,ناتور دشت,جی. دی. سلینجر,بحران هویت و جستجوی خود در دوران نوجوانی,رمان,ادبیات کلاسیک,این کتاب داستان هولدن کالفیلد، نوجوانی است که با بحران هویت و مشکلات دوران نوجوانی دست و پنجه نرم می‌کند.
53,زندگی پی,یان مارتل,بقا و جستجوی ایمان در شرایط سخت,رمان,ادبیات معاصر,این کتاب داستان پسری به نام پی است که پس از غرق شدن کشتی، در یک قایق نجات با یک ببر بنگال به نام ریچارد پارکر گیر می‌افتد و تلاش می‌کند تا زنده بماند.
54,بادبادک‌باز,خالد حسینی,دوستی و خیانت در افغانستان,رمان تاریخی,ادبیات معاصر,این کتاب داستان دو دوست در افغانستان را روایت می‌کند که با چالش‌های اجتماعی و سیاسی مواجه می‌شوند.
55,زنان کوچک,لوئیزا می الکات,زندگی و رشد چهار خواهر در دوران جنگ داخلی آمریکا,رمان کلاسیک,ادبیات کلاسیک,این کتاب داستان چهار خواهر را در دوران جنگ داخلی آمریکا روایت می‌کند و به چالش‌ها و موفقیت‌های آن‌ها می‌پردازد.
56,خاک خوب,پرل باک,زندگی یک کشاورز چینی و خانواده‌اش,رمان تاریخی,ادبیات کلاسیک,این کتاب داستان زندگی یک کشاورز چینی و خانواده‌اش را در دوران تغییرات اجتماعی و اقتصادی چین روایت می‌کند.
57,جین ایر,شارلوت برونته,عشق و استقلال,رمان عاشقانه,ادبیات کلاسیک,داستان زندگی جین ایر، دختری یتیم که با مشکلات فراوانی روبرو می‌شود و در نهایت به عشق و استقلال دست می‌یابد.
58,غرور و تعصب,جین آستن,عشق و تفاوت‌های اجتماعی,رمان عاشقانه,ادبیات کلاسیک,داستان عشق و تفاوت‌های اجتماعی بین الیزابت بنت و آقای دارسی که با چالش‌های فراوانی روبرو می‌شوند.
59,بلندی‌های بادگیر,امیلی برونته,عشق و انتقام,رمان عاشقانه,ادبیات کلاسیک,داستان عشق پیچیده و انتقام بین هیثکلیف و کاترین ارنشاو که در محیطی تاریک و پر از تنش رخ می‌دهد.
60,هنر ظریف بی‌خیالی,مارک منسن,تمرکز بر چیزهای مهم و رها کردن نگرانی‌های بی‌اهمیت,روانشناسی,خودشناسی و توسعه فردی,این کتاب به خوانندگان کمک می‌کند تا با تمرکز بر اولویت‌های واقعی زندگی، از نگرانی‌های بی‌اهمیت رها شوند و زندگی بهتری داشته باشند.
61,زندگی دومینیکا,پائولو کوئلیو,جستجوی معنا و هدف در زندگی,رمان,ادبیات داستانی,داستان زنی که در جستجوی معنا و هدف در زندگی خود، با چالش‌ها و تغییرات بزرگی مواجه می‌شود و در نهایت به درک عمیق‌تری از خود و زندگی می‌رسد.
62,پیرمرد و دریا,ارنست همینگوی,مبارزه و استقامت در برابر سختی‌ها,رمان,ادبیات کلاسیک,داستان پیرمردی ماهیگیر که با یک ماهی بزرگ مبارزه می‌کند و این مبارزه نمادی از تلاش و استقامت در برابر سختی‌های زندگی است.
63,بامداد خمار,فتانه حاج سید جوادی,عشق و تفاوت‌های طبقاتی,عاشقانه,رمان,داستان عشق دختری از خانواده‌ای مرفه به پسری از طبقه پایین جامعه و مشکلاتی که در این راه با آن‌ها مواجه می‌شود.
64,چراغ‌ها را من خاموش می‌کنم,زویا پیرزاد,عشق و زندگی روزمره,عاشقانه,رمان,داستان زندگی زنی خانه‌دار در آبادان و چالش‌های او با عشق و مسئولیت‌های خانوادگی.
65,سمفونی مردگان,عباس معروفی,عشق و تراژدی,عاشقانه,رمان,داستان زندگی خانواده‌ای در اردبیل و عشق‌های ناکام و تراژدی‌هایی که بر سر آن‌ها می‌آید.
66,شاه لیر,ویلیام شکسپیر,قدرت و جنون,تراژدی,ادبیات کلاسیک,این نمایشنامه داستان پادشاهی است که تصمیم می‌گیرد قلمرو خود را بین سه دخترش تقسیم کند، اما این تصمیم به فاجعه‌ای بزرگ منجر می‌شود.
67,آنتیگونه,سوفوکل,قانون و اخلاق,تراژدی,ادبیات کلاسیک,این نمایشنامه درباره دختری است که تصمیم می‌گیرد بر خلاف فرمان پادشاه، برادرش را دفن کند و در نتیجه با عواقب سنگینی مواجه می‌شود.
68,مکبث,ویلیام شکسپیر,جاه‌طلبی و خیانت,تراژدی,ادبیات کلاسیک,این نمایشنامه داستان یک نجیب‌زاده اسکاتلندی است که به تحریک همسرش و پیشگویی‌های سه جادوگر، به قتل پادشاه دست می‌زند و در نهایت به سقوط خود می‌انجامد.
69,مسافر,جان اسکالزی,سفر در زمان و تاثیرات آن بر تاریخ و آینده,علمی-تخیلی,رمان,این کتاب داستان یک گروه از مسافران زمان را روایت می‌کند که به گذشته سفر می‌کنند تا از وقوع یک فاجعه بزرگ جلوگیری کنند.
70,پایان ابدیت,آیزاک آسیموف,کنترل زمان و تاثیرات آن بر جامعه,علمی-تخیلی,رمان,این کتاب درباره سازمانی است که توانایی کنترل زمان را دارد و تلاش می‌کند تا با تغییرات کوچک در گذشته، آینده را بهبود بخشد.
71,دنیای جدید شجاع,آلدوس هاکسلی,آینده‌ای دیستوپیایی که در آن انسان‌ها تحت کنترل کامل دولت هستند,علمی-تخیلی,رمان,این کتاب به بررسی جامعه‌ای می‌پردازد که در آن انسان‌ها از طریق تکنولوژی و کنترل ذهنی تحت سلطه دولت قرار دارند و آزادی‌های فردی از بین رفته است.
72,ارباب حلقه‌ها,جی. آر. آر. تالکین,مبارزه بین خیر و شر در دنیای خیالی میانه‌زمین,فانتزی,رمان,داستانی حماسی درباره‌ی گروهی از قهرمانان که برای نابودی حلقه‌ی قدرت و شکست دادن ارباب تاریکی، سائورون، تلاش می‌کنند.
73,هری پاتر و سنگ جادو,جی. کی. رولینگ,ماجراهای یک پسر جادوگر در مدرسه‌ی جادوگری هاگوارتز,فانتزی,رمان,هری پاتر، پسری که در کودکی والدینش را از دست داده، متوجه می‌شود که جادوگر است و به مدرسه‌ی جادوگری هاگوارتز می‌رود، جایی که با دوستان جدید و دشمنان قدیمی روبرو می‌شود.
74,نغمه‌ی یخ و آتش,جورج آر. آر. مارتین,مبارزه برای تاج و تخت در دنیای خیالی وستروس,فانتزی,رمان,داستانی پیچیده و چندلایه درباره‌ی خاندان‌های مختلف که برای کنترل تاج و تخت آهنین در دنیای خیالی وستروس به مبارزه می‌پردازند.
75,دختری در قطار,پائولا هاوکینز,یک زن که هر روز با قطار به محل کارش می‌رود، شاهد اتفاقات مشکوکی می‌شود که او را درگیر یک ماجرای جنایی می‌کند.,جنایی,رمان,این کتاب داستان زنی به نام ریچل است که هر روز با قطار به محل کارش می‌رود و از پنجره قطار زندگی یک زوج را مشاهده می‌کند. اما یک روز شاهد اتفاقی می‌شود که او را درگیر یک ماجرای جنایی پیچیده می‌کند.
76,دختری با خالکوبی اژدها,استیگ لارسن,یک خبرنگار و یک هکر با هم همکاری می‌کنند تا راز یک پرونده قدیمی و پیچیده را کشف کنند.,جنایی,رمان,این کتاب داستان میکائیل بلومکویست، یک خبرنگار تحقیقی، و لیسبت سالاندر، یک هکر با استعداد، را روایت می‌کند که با هم همکاری می‌کنند تا راز ناپدید شدن یک دختر جوان از یک خانواده ثروتمند را کشف کنند.
77,قتل در قطار سریع‌السیر شرق,آگاتا کریستی,کارآگاه هرکول پوآرو باید راز قتل یک مسافر در قطار سریع‌السیر شرق را کشف کند.,جنایی,رمان,این کتاب داستان کارآگاه معروف هرکول پوآرو را روایت می‌کند که در قطار سریع‌السیر شرق در حال سفر است. وقتی یکی از مسافران به قتل می‌رسد، پوآرو باید با استفاده از هوش و ذکاوت خود قاتل را پیدا کند.
78,بوف کور,صادق هدایت,تنهایی و بیگانگی انسان در جامعه,درام,ادبیات فارسی,بوف کور داستانی است که به بررسی تنهایی و بیگانگی انسان در جامعه می‌پردازد و با نثری پیچیده و نمادین، به عمق روان انسان نفوذ می‌کند.
79,کلیدر,محمود دولت‌آبادی,مبارزه و مقاومت در برابر ظلم و ستم,درام,ادبیات فارسی,کلیدر داستانی حماسی و درام است که به زندگی و مبارزات یک خانواده روستایی در برابر ظلم و ستم می‌پردازد و تصویری واقعی از زندگی مردم ایران در دوران گذشته ارائه می‌دهد.
80,سووشون,سیمین دانشور,مقاومت و پایداری در برابر ناملایمات,درام,ادبیات فارسی,سووشون داستانی است که به بررسی زندگی یک خانواده در دوران اشغال ایران توسط نیروهای متفقین می‌پردازد و به موضوعاتی همچون مقاومت، پایداری و عشق می‌پردازد.
81,تاریخ بیهقی,ابوالفضل بیهقی,تاریخ حکومت غزنویان,تاریخی,ادبیات فارسی,این کتاب یکی از مهم‌ترین منابع تاریخی دوره غزنویان است که توسط ابوالفضل بیهقی نوشته شده و به بررسی وقایع و شخصیت‌های این دوره می‌پردازد.
82,تاریخ طبری,محمد بن جریر طبری,تاریخ جهان از آغاز تا زمان نویسنده,تاریخی,تاریخ اسلام,این کتاب یکی از جامع‌ترین و معتبرترین منابع تاریخی است که تاریخ جهان را از آغاز تا زمان نویسنده به تفصیل بیان می‌کند.
83,تاریخ جهانگشای جوینی,عطاء ملک جوینی,تاریخ حمله مغول به ایران و جهان,تاریخی,تاریخ ایران,این کتاب به بررسی حمله مغول به ایران و دیگر مناطق جهان می‌پردازد و توسط عطاء ملک جوینی، یکی از مورخان برجسته دوره مغول، نوشته شده است.
84,درخشش,استیون کینگ,تأثیرات روانی و فراطبیعی یک هتل خالی بر یک خانواده,وحشت,رمان,جک تورنس، نویسنده‌ای که به عنوان سرایدار زمستانی هتل اورلوک استخدام می‌شود، به همراه خانواده‌اش به این هتل دورافتاده می‌رود. اما به زودی متوجه می‌شوند که هتل دارای نیروهای فراطبیعی و تاریکی است که جک را به جنون می‌کشاند.
85,آن,استیون کینگ,مبارزه گروهی از کودکان با موجودی شیطانی که به شکل دلقک ظاهر می‌شود,وحشت,رمان,در شهر کوچک دری، گروهی از کودکان با موجودی شیطانی به نام پنی‌وایز که به شکل دلقک ظاهر می‌شود، مواجه می‌شوند. این موجود هر ۲۷ سال یکبار بازمی‌گردد تا کودکان را شکار کند. داستان در دو زمان مختلف روایت می‌شود: دوران کودکی و بزرگسالی این گروه.
86,خانه‌ای در خیابان مانگو,مارک ز. دانیلوفسکی,کشف اسرار تاریک و فراطبیعی یک خانه عجیب,وحشت,رمان,خانواده ناویدسون به خانه‌ای جدید در خیابان مانگو نقل مکان می‌کنند، اما به زودی متوجه می‌شوند که این خانه دارای اتاق‌ها و راهروهای غیرممکن و فراطبیعی است. داستان از طریق مجموعه‌ای از اسناد، یادداشت‌ها و روایت‌های مختلف بازگو می‌شود.
87,دن کیشوت,میگل د سروانتس,ماجراجویی‌های یک شوالیه خیالی,کمدی,رمان,دن کیشوت داستان یک شوالیه خیالی است که به همراه خدمتکار وفادارش، سانچو پانزا، به ماجراجویی‌های خنده‌دار و پوچ می‌پردازد.
88,سه مرد در یک قایق,جروم کی. جروم,سفر خنده‌دار سه دوست در رودخانه تیمز,کمدی,رمان,این کتاب داستان سه دوست است که تصمیم می‌گیرند با یک قایق در رودخانه تیمز سفر کنند و در طول مسیر با ماجراهای خنده‌دار و مشکلات غیرمنتظره‌ای روبرو می‌شوند.
89,پیرمرد و دریا,ارنست همینگوی,مبارزه یک پیرمرد با یک ماهی بزرگ,کمدی,رمان,این کتاب داستان یک ماهیگیر پیر است که با یک ماهی بزرگ مبارزه می‌کند. هرچند که این کتاب بیشتر به عنوان یک تراژدی شناخته می‌شود، اما لحظات طنزآمیز نیز در آن وجود دارد.
90,قتل در قطار سریع‌السیر شرق,آگاتا کریستی,کارآگاه هرکول پوآرو باید معمای قتل در قطار سریع‌السیر شرق را حل کند.,کارآگاهی,رمان,در این داستان، هرکول پوآرو، کارآگاه مشهور، در قطار سریع‌السیر شرق با یک قتل مواجه می‌شود و باید با استفاده از هوش و ذکاوت خود، قاتل را پیدا کند.
91,سگ باسکرویل‌ها,آرتور کانن دویل,شرلوک هولمز و دکتر واتسون باید معمای مرگ‌های مرموز در خانواده باسکرویل را حل کنند.,کارآگاهی,رمان,شرلوک هولمز و دکتر واتسون به دشت‌های مه‌آلود باسکرویل سفر می‌کنند تا راز مرگ‌های مرموز و افسانه‌ای که خانواده باسکرویل را تهدید می‌کند، کشف کنند.
92,دختر گمشده,گیلیان فلین,نیک دان باید معمای ناپدید شدن همسرش، ایمی، را حل کند.,کارآگاهی,رمان,در این داستان پیچیده و پر از تعلیق، نیک دان با ناپدید شدن ناگهانی همسرش، ایمی، مواجه می‌شود و باید با استفاده از سرنخ‌های موجود، حقیقت را کشف کند.
93,بوف کور,صادق هدایت,تنهایی و بیگانگی انسان در دنیای مدرن,رمان,داستان,بوف کور یکی از معروف‌ترین آثار ادبیات معاصر ایران است که به بررسی تنهایی و بیگانگی انسان در دنیای مدرن می‌پردازد.
94,کلیدر,محمود دولت‌آبادی,مبارزه و مقاومت در برابر ظلم و ستم,رمان,داستان,کلیدر یک رمان حماسی است که داستان زندگی یک خانواده روستایی در خراسان را روایت می‌کند و به مبارزه و مقاومت در برابر ظلم و ستم می‌پردازد.
95,شازده احتجاب,هوشنگ گلشیری,زوال و انحطاط یک خاندان اشرافی,رمان,داستان,شازده احتجاب داستان زوال و انحطاط یک خاندان اشرافی در دوران قاجار را به تصویر می‌کشد و به بررسی روانشناسی شخصیت‌ها می‌پردازد.
96,زندگی من,هلن کلر,غلبه بر ناتوانی‌ها و دستیابی به موفقیت,بیوگرافی,زندگی‌نامه,این کتاب داستان زندگی هلن کلر، زنی که با وجود نابینایی و ناشنوایی به موفقیت‌های بزرگی دست یافت، را روایت می‌کند.
97,راه طولانی به سوی آزادی,نلسون ماندلا,مبارزه برای آزادی و عدالت,بیوگرافی,زندگی‌نامه,این کتاب زندگی‌نامه نلسون ماندلا، رهبر مبارزه ضد آپارتاید در آفریقای جنوبی و اولین رئیس‌جمهور سیاه‌پوست این کشور، را به تصویر می‌کشد.
98,استیو جابز,والتر آیزاکسون,نوآوری و کارآفرینی در دنیای فناوری,بیوگرافی,زندگی‌نامه,این کتاب به زندگی و کارهای استیو جابز، بنیان‌گذار اپل و یکی از بزرگترین نوآوران عصر دیجیتال، می‌پردازد.
99,انسان در جستجوی معنا,ویکتور فرانکل,یافتن معنا در زندگی حتی در سخت‌ترین شرایط,روانشناسی,خودشناسی,این کتاب تجربیات نویسنده در اردوگاه‌های کار اجباری نازی‌ها را شرح می‌دهد و به اهمیت یافتن معنا در زندگی می‌پردازد.
100,چه کسی پنیر مرا جابجا کرد؟,اسپنسر جانسون,پذیرش تغییرات و یافتن راه‌های جدید برای موفقیت,روانشناسی,خودشناسی,این کتاب به صورت داستانی ساده و آموزنده به ما می‌آموزد که چگونه با تغییرات در زندگی مواجه شویم و از آن‌ها بهره‌برداری کنیم.
101,چهار اثر از فلورانس اسکاول شین,فلورانس اسکاول شین,قدرت کلمات و افکار در شکل‌دهی به زندگی,روانشناسی,خودشناسی,این کتاب مجموعه‌ای از چهار اثر نویسنده است که به اهمیت کلمات و افکار مثبت در زندگی و موفقیت فردی می‌پردازد.
102,جنایت و مکافات,فیودور داستایوفسکی,تضاد اخلاقی و روانی یک مرد پس از ارتکاب قتل,رمان,رمان کلاسیک,این کتاب داستان راسکولنیکوف، دانشجوی فقیری است که به دلیل مشکلات مالی و فلسفی، تصمیم به قتل یک رباخوار می‌گیرد و پس از آن با عواقب روانی و اخلاقی این عمل مواجه می‌شود.
103,غرور و تعصب,جین آستن,تضادهای اجتماعی و عاشقانه در جامعه انگلیسی قرن نوزدهم,رمان,رمان کلاسیک,این کتاب داستان الیزابت بنت و خانواده‌اش را روایت می‌کند که در جامعه‌ای پر از تعصبات طبقاتی و اجتماعی زندگی می‌کنند. الیزابت با آقای دارسی، مردی ثروتمند و مغرور، آشنا می‌شود و داستان عشق و تضادهای آنها به تصویر کشیده می‌شود.
104,بینوایان,ویکتور هوگو,مبارزه برای عدالت و انسانیت در برابر فقر و بی‌عدالتی,رمان,رمان کلاسیک,این کتاب داستان ژان والژان، مردی که به دلیل دزدیدن یک تکه نان به زندان افتاده و پس از آزادی تلاش می‌کند زندگی جدیدی را آغاز کند، روایت می‌کند. داستان در پس‌زمینه انقلاب فرانسه و مبارزات اجتماعی و سیاسی آن زمان قرار دارد.
105,سفرنامه ناصرخسرو,ناصرخسرو قبادیانی,سفر به سرزمین‌های اسلامی و مشاهده فرهنگ‌ها و آداب و رسوم مختلف,سفرنامه,ادبیات کلاسیک,این کتاب شامل مشاهدات و تجربیات ناصرخسرو در طول سفر هفت ساله‌اش به سرزمین‌های اسلامی است. او در این سفر به بررسی فرهنگ‌ها، آداب و رسوم و وضعیت اجتماعی و اقتصادی مناطق مختلف می‌پردازد.
106,سفرنامه مارکوپولو,مارکوپولو,سفر به شرق دور و کشف سرزمین‌های ناشناخته,سفرنامه,ادبیات جهان,این کتاب داستان سفرهای مارکوپولو به چین و دیگر مناطق شرق دور است. او در این سفرها به توصیف فرهنگ‌ها، آداب و رسوم و جغرافیای این مناطق می‌پردازد و تجربیات خود را با خوانندگان به اشتراک می‌گذارد.
107,سفرنامه ابن بطوطه,ابن بطوطه,سفر به سرزمین‌های اسلامی و غیر اسلامی و مشاهده تنوع فرهنگی,سفرنامه,ادبیات کلاسیک,این کتاب شامل مشاهدات و تجربیات ابن بطوطه در طول سفرهای طولانی‌اش به مناطق مختلف جهان است. او در این سفرها به بررسی فرهنگ‌ها، آداب و رسوم و وضعیت اجتماعی و اقتصادی مناطق مختلف می‌پردازد.
108,اثر مرکب,دارن هاردی,تأثیر تصمیمات کوچک و مداوم بر موفقیت,خودیاری,توسعه فردی,این کتاب به بررسی چگونگی تأثیر تصمیمات کوچک و مداوم بر موفقیت و زندگی افراد می‌پردازد و نشان می‌دهد که چگونه می‌توان با تغییرات کوچک به نتایج بزرگ دست یافت.
109,قدرت عادت,چارلز داهیگ,نقش عادت‌ها در زندگی و چگونگی تغییر آن‌ها,خودیاری,روانشناسی,این کتاب به بررسی علم عادت‌ها و نقش آن‌ها در زندگی روزمره می‌پردازد و راهکارهایی برای تغییر عادت‌های منفی و ایجاد عادت‌های مثبت ارائه می‌دهد.
110,چهار اثر از فلورانس اسکاول شین,فلورانس اسکاول شین,قدرت کلمات و افکار در شکل‌دهی به زندگی,خودیاری,معنویت و رشد شخصی,این کتاب شامل چهار اثر از فلورانس اسکاول شین است که به بررسی قدرت کلمات و افکار در شکل‌دهی به زندگی و دستیابی به موفقیت و خوشبختی می‌پردازد.
111,هری پاتر و سنگ جادو,جی. کی. رولینگ,ماجراجویی و جادوگری,فانتزی,رمان نوجوانان,هری پاتر، پسری یتیم که در روز تولد یازدهم خود متوجه می‌شود که یک جادوگر است و به مدرسه جادوگری هاگوارتز دعوت می‌شود.
112,هری پاتر و تالار اسرار,جی. کی. رولینگ,ماجراجویی و جادوگری,فانتزی,رمان نوجوانان,در سال دوم تحصیل هری در هاگوارتز، او و دوستانش با تالار اسرار و موجودات خطرناک آن روبرو می‌شوند.
113,هری پاتر و زندانی آزکابان,جی. کی. رولینگ,ماجراجویی و جادوگری,فانتزی,رمان نوجوانان,در سال سوم تحصیل هری، او با زندانی فراری سیریوس بلک و رازهای تاریک گذشته خود مواجه می‌شود.
114,صد سال تنهایی,گابریل گارسیا مارکز,تاریخچه و سرنوشت یک خانواده در یک دهکده خیالی,رئالیسم جادویی,رمان,این کتاب داستان چند نسل از خانواده بوئندیا را در دهکده خیالی ماکوندو روایت می‌کند و به بررسی موضوعاتی چون عشق، تنهایی و سرنوشت می‌پردازد.
115,بیگانه,آلبر کامو,پوچی و بی‌معنایی زندگی,فلسفی,رمان,این کتاب داستان مردی به نام مرسو را روایت می‌کند که به دلیل بی‌تفاوتی و عدم احساسات انسانی، به قتل محکوم می‌شود و در نهایت با پوچی زندگی مواجه می‌شود.
116,پیرمرد و دریا,ارنست همینگوی,مبارزه انسان با طبیعت و سرنوشت,ادبیات کلاسیک,رمان,این کتاب داستان پیرمردی ماهیگیر به نام سانتیاگو را روایت می‌کند که پس از روزها تلاش، موفق به صید یک ماهی بزرگ می‌شود و در نهایت با چالش‌های زیادی مواجه می‌شود.
117,انسان در جستجوی معنا,ویکتور فرانکل,یافتن معنا در زندگی حتی در شرایط سخت,روانشناسی,خودشناسی و رشد فردی,این کتاب تجربه‌های نویسنده در اردوگاه‌های کار اجباری نازی‌ها را شرح می‌دهد و نشان می‌دهد که چگونه یافتن معنا در زندگی می‌تواند به انسان کمک کند تا از سختی‌ها عبور کند.
118,هنر شاد زیستن,دالایی لاما و هوارد کاتلر,ترکیب فلسفه بودایی و روانشناسی مدرن برای دستیابی به شادی,روانشناسی,خودشناسی و رشد فردی,این کتاب به بررسی راه‌های مختلف برای دستیابی به شادی و رضایت در زندگی می‌پردازد و از ترکیب فلسفه بودایی و روانشناسی مدرن بهره می‌برد.
119,قدرت حال,اکهارت تول,زندگی در لحظه حال برای دستیابی به آرامش و شادی,روانشناسی,خودشناسی و رشد فردی,این کتاب به اهمیت زندگی در لحظه حال و رهایی از افکار منفی و نگرانی‌های گذشته و آینده می‌پردازد و راهکارهایی برای دستیابی به آرامش و شادی ارائه می‌دهد.
120,صد سال تنهایی,گابریل گارسیا مارکز,تنهایی و تلاش برای یافتن معنا در زندگی,رئالیسم جادویی,رمان,این کتاب داستان چند نسل از خانواده بوئندیا را روایت می‌کند که در دهکده‌ای خیالی به نام ماکوندو زندگی می‌کنند. این داستان به بررسی تنهایی و تلاش انسان‌ها برای یافتن معنا در زندگی می‌پردازد.
121,کافکا در کرانه,هاروکی موراکامی,جستجوی هویت و معنای زندگی,فانتزی و رئالیسم جادویی,رمان,این کتاب داستان دو شخصیت اصلی، کافکا تامورا و ساتورو ناکاتا، را دنبال می‌کند که هر کدام به دنبال هویت و معنای زندگی خود هستند. داستان با عناصر فانتزی و رئالیسم جادویی ترکیب شده است.
122,شب‌های روشن,فیودور داستایوفسکی,تنهایی و امید به عشق,رمانتیک,داستان کوتاه,این داستان کوتاه درباره مردی تنها است که در شب‌های روشن سن پترزبورگ با زنی آشنا می‌شود و به او دل می‌بندد. این داستان به بررسی تنهایی و امید به عشق می‌پردازد.
123,هنر شادمانی,دالایی لاما,یافتن شادمانی درونی از طریق تمرین ذهنی و معنوی,خودشناسی,روانشناسی,این کتاب به بررسی راه‌های مختلف برای دستیابی به شادمانی پایدار و درونی می‌پردازد و از تجربیات و آموزه‌های دالایی لاما بهره می‌برد.
124,قدرت حال,اکهارت توله,زندگی در لحظه حال به عنوان کلید شادمانی و آرامش,خودشناسی,روانشناسی,این کتاب به خوانندگان کمک می‌کند تا از طریق تمرکز بر لحظه حال و رهایی از افکار منفی، به شادمانی و آرامش دست یابند.
125,شادمانی حقیقی,مارتین سلیگمن,یافتن شادمانی از طریق شناخت و استفاده از نقاط قوت فردی,خودشناسی,روانشناسی مثبت‌گرا,این کتاب به بررسی روش‌های علمی و عملی برای دستیابی به شادمانی پایدار از طریق شناخت و تقویت نقاط قوت فردی می‌پردازد.
126,دختری در قطار,پائولا هاوکینز,یک زن که هر روز با قطار به محل کارش می‌رود، شاهد اتفاقات مشکوکی می‌شود که زندگی‌اش را تغییر می‌دهد.,هیجان‌انگیز,رمان,این کتاب داستان زنی به نام ریچل است که هر روز با قطار به محل کارش می‌رود و از پنجره قطار زندگی دیگران را مشاهده می‌کند. یک روز او شاهد اتفاقی مشکوک می‌شود که او را درگیر یک ماجرای پیچیده و خطرناک می‌کند.
127,اتاق,اما داناهیو,یک مادر و پسر که در یک اتاق کوچک زندانی شده‌اند، تلاش می‌کنند تا از دست اسیرکننده‌شان فرار کنند.,هیجان‌انگیز,رمان,این کتاب داستان مادری به نام جوی و پسرش جک است که در یک اتاق کوچک زندانی شده‌اند. جوی تلاش می‌کند تا جک را از واقعیت تلخ زندگیشان دور نگه دارد و در عین حال نقشه‌ای برای فرار از دست اسیرکننده‌شان می‌کشد.
128,دروغ‌های کوچک بزرگ,لیان موریارتی,زندگی سه زن که درگیر رازها و دروغ‌های پیچیده‌ای هستند که به یک حادثه مرگبار منجر می‌شود.,هیجان‌انگیز,رمان,این کتاب داستان سه زن به نام‌های مدی، سلست و جین است که هر کدام با مشکلات و رازهای خود دست و پنجه نرم می‌کنند. دروغ‌ها و رازهای آن‌ها به تدریج آشکار می‌شود و به یک حادثه مرگبار در مدرسه فرزندانشان منجر می‌شود.
129,هنر شاد زیستن,اندرو متیوس,یافتن شادی و آرامش در زندگی روزمره,خودشناسی,روانشناسی,این کتاب به شما کمک می‌کند تا با تغییر نگرش و دیدگاه‌های خود، شادی و آرامش بیشتری در زندگی خود پیدا کنید.
130,چهار اثر از فلورانس اسکاول شین,فلورانس اسکاول شین,قدرت کلمات و افکار مثبت در ایجاد زندگی بهتر,خودشناسی,روانشناسی,این کتاب شامل چهار اثر معروف فلورانس اسکاول شین است که به شما نشان می‌دهد چگونه با استفاده از کلمات و افکار مثبت می‌توانید زندگی خود را بهبود بخشید.
131,قدرت حال,اکهارت تول,زندگی در لحظه حال و رهایی از افکار منفی,خودشناسی,روانشناسی,این کتاب به شما می‌آموزد که چگونه با تمرکز بر لحظه حال و رهایی از افکار منفی، به آرامش و شادی بیشتری دست یابید.
132,سمفونی مردگان,عباس معروفی,تضاد بین سنت و مدرنیته,رمان,ادبیات معاصر,این کتاب داستان خانواده‌ای در اردبیل را روایت می‌کند که درگیر تضادهای فرهنگی و اجتماعی هستند. نویسنده با نگاهی عمیق به شخصیت‌ها و روابط آن‌ها، به بررسی تأثیرات این تضادها بر زندگی افراد می‌پردازد.
133,چشم‌هایش,بزرگ علوی,عشق و سیاست,رمان,ادبیات معاصر,این کتاب داستان عشق یک زن به یک نقاش معروف و مبارز سیاسی را روایت می‌کند. نویسنده با نگاهی دقیق به جزئیات، به بررسی تأثیرات عشق و سیاست بر زندگی افراد می‌پردازد.
134,بوف کور,صادق هدایت,تنهایی و بیگانگی,رمان,ادبیات کلاسیک,این کتاب داستان مردی را روایت می‌کند که در تنهایی و بیگانگی خود غرق شده است. نویسنده با نگاهی فلسفی و روانشناختی به بررسی احساسات و افکار این مرد می‌پردازد.
135,رهایی از احساس گناه,جان برادشاو,چگونه احساس گناه را شناسایی و مدیریت کنیم,روانشناسی,خودشناسی و رشد فردی,این کتاب به بررسی ریشه‌های احساس گناه و راه‌های مقابله با آن می‌پردازد و به خوانندگان کمک می‌کند تا با احساسات منفی خود بهتر کنار بیایند.
136,هنر شاد زیستن,دالایی لاما و هوارد کاتلر,یافتن شادی و آرامش درونی,روانشناسی,خودشناسی و رشد فردی,این کتاب به بررسی راه‌های مختلف برای یافتن شادی و آرامش درونی می‌پردازد و به خوانندگان کمک می‌کند تا احساس گناه و استرس را کاهش دهند.
137,زندگی بدون احساس گناه,لوئیز هی,تغییر الگوهای فکری منفی,روانشناسی,خودشناسی و رشد فردی,این کتاب به خوانندگان نشان می‌دهد که چگونه می‌توانند الگوهای فکری منفی خود را تغییر دهند و زندگی بدون احساس گناه را تجربه کنند.
138,قدرت مثبت اندیشی,نورمن وینسنت پیل,تأثیر مثبت اندیشی بر زندگی و موفقیت,خودیاری,روانشناسی,این کتاب به بررسی قدرت تفکر مثبت و تأثیر آن بر زندگی فردی و حرفه‌ای می‌پردازد و راهکارهایی برای بهبود نگرش و افزایش امیدواری ارائه می‌دهد.
139,انسان در جستجوی معنا,ویکتور فرانکل,یافتن معنا در زندگی حتی در شرایط سخت,خودزندگی‌نامه,روانشناسی,این کتاب تجربه‌های نویسنده در اردوگاه‌های کار اجباری نازی‌ها را روایت می‌کند و نشان می‌دهد که چگونه یافتن معنا در زندگی می‌تواند به انسان امید و انگیزه بدهد.
140,چهار اثر از فلورانس اسکاول شین,فلورانس اسکاول شین,قدرت کلمات و افکار مثبت در خلق زندگی بهتر,خودیاری,روانشناسی,این کتاب مجموعه‌ای از چهار اثر نویسنده است که به بررسی تأثیر کلمات و افکار مثبت بر زندگی و موفقیت فردی می‌پردازد و راهکارهایی برای افزایش امیدواری و بهبود زندگی ارائه می‌دهد.
141,درخشش,استیون کینگ,یک خانواده به هتلی دورافتاده می‌روند که در آن نیروهای فراطبیعی و وحشتناک به تدریج بر آنها تأثیر می‌گذارند.,وحشت,رمان,این داستان درباره جک تورنس، نویسنده‌ای است که به همراه خانواده‌اش به هتلی دورافتاده می‌رود تا به عنوان سرایدار زمستانی کار کند. اما هتل دارای تاریخچه‌ای تاریک و نیروهای فراطبیعی است که به تدریج جک را به جنون می‌کشانند.
142,خانه‌ای در خیابان مانگو,مارک ز. دانیلوفسکی,یک خانواده به خانه‌ای جدید نقل مکان می‌کنند که به نظر می‌رسد بزرگتر از آن چیزی است که از بیرون به نظر می‌رسد و دارای رازهای تاریک و وحشتناک است.,وحشت,رمان,این کتاب داستان خانواده‌ای را روایت می‌کند که به خانه‌ای جدید نقل مکان می‌کنند و متوجه می‌شوند که خانه دارای اتاق‌ها و راهروهای مخفی است که به نظر می‌رسد به ابعاد دیگری متصل هستند. این کشف‌ها به تدریج به وحشت و جنون منجر می‌شود.
143,پرونده‌های دراکولا,برام استوکر,یک وکیل جوان به قلعه دراکولا در ترانسیلوانیا می‌رود و متوجه می‌شود که دراکولا یک خون‌آشام است که قصد دارد به لندن برود و مردم را به خون‌آشام تبدیل کند.,وحشت,رمان,این کتاب کلاسیک داستان جاناتان هارکر، وکیل جوانی را روایت می‌کند که به قلعه دراکولا می‌رود تا به یک معامله ملکی کمک کند. اما به زودی متوجه می‌شود که دراکولا یک خون‌آشام است و قصد دارد به لندن برود تا مردم را به خون‌آشام تبدیل کند. هارکر و دوستانش باید تلاش کنند تا جلوی او را بگیرند.
144,جرأت داشته باش,سوزان جفرز,غلبه بر ترس و افزایش اعتماد به نفس,خودشناسی,روانشناسی,این کتاب به شما کمک می‌کند تا با ترس‌های خود مواجه شوید و اعتماد به نفس خود را افزایش دهید. نویسنده با ارائه تکنیک‌ها و راهکارهای عملی، شما را در مسیر رشد شخصی و حرفه‌ای هدایت می‌کند.
145,قدرت اعتماد به نفس,برایان تریسی,توسعه اعتماد به نفس و دستیابی به موفقیت,خودشناسی,روانشناسی,برایان تریسی در این کتاب به شما نشان می‌دهد که چگونه می‌توانید اعتماد به نفس خود را تقویت کنید و به اهداف خود برسید. او با ارائه مثال‌ها و داستان‌های واقعی، شما را در مسیر موفقیت همراهی می‌کند.
146,اعتماد به نفس نامحدود,رابرت آنتونی,ایجاد اعتماد به نفس پایدار و قوی,خودشناسی,روانشناسی,این کتاب به شما کمک می‌کند تا اعتماد به نفس نامحدودی را در خود ایجاد کنید. نویسنده با ارائه تمرین‌ها و تکنیک‌های مختلف، شما را در مسیر دستیابی به اعتماد به نفس پایدار و قوی هدایت می‌کند.
147,تفکر، سریع و کند,دنیل کانمن,بررسی دو سیستم تفکر انسان: سیستم سریع و شهودی و سیستم کند و منطقی,روانشناسی,خطاهای شناختی,این کتاب به بررسی نحوه تصمیم‌گیری انسان‌ها و خطاهای شناختی که در این فرآیند رخ می‌دهد، می‌پردازد.
148,خطاهای شناختی,دیوید مک‌رینی,شناخت و تحلیل خطاهای شناختی که در تفکر و تصمیم‌گیری انسان‌ها رخ می‌دهد,روانشناسی,خطاهای شناختی,این کتاب به معرفی و توضیح انواع خطاهای شناختی و تأثیر آن‌ها بر زندگی روزمره انسان‌ها می‌پردازد.
149,نابخردی‌های پیش‌بینی‌پذیر,دن آریلی,بررسی رفتارهای غیرمنطقی انسان‌ها و دلایل پشت آن‌ها,روانشناسی,خطاهای شناختی,این کتاب به تحلیل رفتارهای غیرمنطقی و خطاهای شناختی که در تصمیم‌گیری‌های روزمره انسان‌ها رخ می‌دهد، می‌پردازد.
150,تاریخ هنر,ارنست گامبریچ,بررسی جامع تاریخ هنر از دوران باستان تا دوران معاصر,غیرداستانی,تاریخ هنر,این کتاب یکی از معتبرترین منابع در زمینه تاریخ هنر است که به بررسی تحولات و تغییرات هنر در طول تاریخ می‌پردازد.
151,هنر در گذر زمان,هلن گاردنر,تحلیل و بررسی هنر در دوره‌های مختلف تاریخی,غیرداستانی,تاریخ هنر,این کتاب به تحلیل و بررسی هنر در دوره‌های مختلف تاریخی از دوران باستان تا دوران معاصر می‌پردازد و به عنوان یکی از منابع معتبر در این زمینه شناخته می‌شود.
152,تاریخ هنر جهان,هیو آنر و جان فلمینگ,بررسی تطبیقی هنر در فرهنگ‌ها و تمدن‌های مختلف,غیرداستانی,تاریخ هنر,این کتاب به بررسی تطبیقی هنر در فرهنگ‌ها و تمدن‌های مختلف می‌پردازد و به عنوان یکی از منابع جامع و معتبر در زمینه تاریخ هنر شناخته می‌شود.
153,سینما و زندگی,عباس کیارستمی,ارتباط بین سینما و زندگی روزمره,مستند,سینما,این کتاب به بررسی تأثیر سینما بر زندگی روزمره و بالعکس می‌پردازد و تجربیات شخصی نویسنده را در این زمینه به اشتراک می‌گذارد.
154,تاریخ سینما,دیوید بوردول و کریستین تامسون,بررسی تاریخچه سینما از آغاز تا کنون,تاریخی,سینما,این کتاب به بررسی تاریخچه سینما از آغاز تا کنون می‌پردازد و تحولات و تغییرات مهم در این صنعت را مورد بررسی قرار می‌دهد.
155,زبان سینما,کریستین متز,تحلیل زبان و نشانه‌شناسی در سینما,نظری,سینما,این کتاب به بررسی زبان و نشانه‌شناسی در سینما می‌پردازد و تحلیل‌های عمیقی از نحوه ارتباط و انتقال معنا در فیلم‌ها ارائه می‌دهد.
156,دنیای سوفی,یوستین گردر,آشنایی با تاریخ فلسفه از طریق داستانی جذاب,رمان فلسفی,فلسفه,این کتاب داستان دختری به نام سوفی را روایت می‌کند که با دریافت نامه‌های مرموزی وارد دنیای فلسفه می‌شود و با تاریخ و مفاهیم فلسفی آشنا می‌گردد.
157,جمهور,افلاطون,بررسی عدالت و ساختار ایده‌آل جامعه,گفتگوهای فلسفی,فلسفه,این کتاب یکی از مهم‌ترین آثار افلاطون است که در قالب گفتگوهای سقراط به بررسی مفاهیم عدالت، حکومت و جامعه ایده‌آل می‌پردازد.
158,چنین گفت زرتشت,فریدریش نیچه,بیان فلسفه نیچه از طریق داستانی نمادین,رمان فلسفی,فلسفه,این کتاب به صورت داستانی نمادین نوشته شده و در آن نیچه از زبان زرتشت به بیان فلسفه خود درباره انسان، اخلاق و فراسوی نیک و بد می‌پردازد.
159,انسان در جستجوی معنا,ویکتور فرانکل,یافتن معنا در زندگی حتی در سخت‌ترین شرایط,روانشناسی,خودشناسی و رشد فردی,این کتاب تجربیات نویسنده در اردوگاه‌های کار اجباری نازی‌ها را شرح می‌دهد و نشان می‌دهد که چگونه یافتن معنا در زندگی می‌تواند به انسان کمک کند تا از سخت‌ترین شرایط عبور کند.
160,تفکر، سریع و کند,دنیل کانمن,توضیح دو سیستم تفکر انسان: سریع و شهودی در مقابل کند و منطقی,روانشناسی,شناخت و تصمیم‌گیری,این کتاب به بررسی دو سیستم تفکر انسان می‌پردازد و نشان می‌دهد که چگونه این دو سیستم بر تصمیم‌گیری‌ها و رفتارهای ما تأثیر می‌گذارند.
161,قدرت عادت,چارلز داهیگ,نقش عادت‌ها در زندگی و چگونگی تغییر آن‌ها,روانشناسی,خودشناسی و رشد فردی,این کتاب به بررسی علم عادت‌ها می‌پردازد و نشان می‌دهد که چگونه عادت‌ها شکل می‌گیرند و چگونه می‌توان آن‌ها را تغییر داد تا به اهداف خود برسیم.
162,جامعه‌شناسی خودمانی,حسن نراقی,تحلیل رفتارهای اجتماعی و فرهنگی ایرانیان,غیرداستانی,علوم اجتماعی,این کتاب به بررسی و تحلیل رفتارهای اجتماعی و فرهنگی ایرانیان پرداخته و تلاش می‌کند تا با نگاهی انتقادی به مسائل و مشکلات جامعه ایرانی بپردازد.
163,توسعه و تضاد,فرامرز رفیع‌پور,بررسی تضادهای اجتماعی در فرآیند توسعه,غیرداستانی,علوم اجتماعی,این کتاب به بررسی تضادهای اجتماعی که در فرآیند توسعه به وجود می‌آیند، پرداخته و تلاش می‌کند تا با تحلیل این تضادها، راهکارهایی برای توسعه پایدار ارائه دهد.
164,سرمایه در قرن بیست و یکم,توماس پیکتی,تحلیل نابرابری‌های اقتصادی و اجتماعی در قرن بیست و یکم,غیرداستانی,علوم اجتماعی,این کتاب به بررسی نابرابری‌های اقتصادی و اجتماعی در قرن بیست و یکم پرداخته و با استفاده از داده‌های تاریخی و اقتصادی، تحلیل جامعی از این نابرابری‌ها ارائه می‌دهد.
165,تاریخ تمدن,ویل دورانت,بررسی جامع تاریخ تمدن بشری از آغاز تا دوران معاصر,تاریخی,تاریخ,این کتاب مجموعه‌ای از 11 جلد است که به بررسی تاریخ تمدن‌های مختلف از دوران باستان تا دوران معاصر می‌پردازد. ویل دورانت و همسرش آریل دورانت در این اثر به تحلیل و بررسی فرهنگ‌ها، هنرها، فلسفه‌ها و دستاوردهای علمی و اجتماعی تمدن‌های مختلف پرداخته‌اند.
166,تاریخ تمدن اسلام,جرجی زیدان,بررسی تاریخ تمدن اسلامی از ظهور اسلام تا دوران معاصر,تاریخی,تاریخ,این کتاب به بررسی تاریخ تمدن اسلامی از زمان ظهور اسلام تا دوران معاصر می‌پردازد. جرجی زیدان در این اثر به تحلیل و بررسی دستاوردهای علمی، فرهنگی، هنری و اجتماعی مسلمانان در طول تاریخ پرداخته است.
167,تاریخ تمدن ایران,حسن پیرنیا,بررسی تاریخ تمدن ایران از دوران باستان تا دوران معاصر,تاریخی,تاریخ,این کتاب به بررسی تاریخ تمدن ایران از دوران باستان تا دوران معاصر می‌پردازد. حسن پیرنیا در این اثر به تحلیل و بررسی فرهنگ‌ها، هنرها، فلسفه‌ها و دستاوردهای علمی و اجتماعی ایرانیان در طول تاریخ پرداخته است.
168,بینوایان,ویکتور هوگو,مبارزه با بی‌عدالتی و فقر,رمان,ادبیات کلاسیک,این کتاب داستان زندگی ژان والژان، مردی که به خاطر دزدیدن یک تکه نان به زندان افتاده و پس از آزادی تلاش می‌کند زندگی جدیدی را آغاز کند، روایت می‌کند.
169,جنایت و مکافات,فیودور داستایوفسکی,تأثیرات روانی و اخلاقی جرم,رمان,ادبیات کلاسیک,این کتاب داستان راسکولنیکوف، دانشجویی که به خاطر فقر و ناامیدی دست به قتل می‌زند و سپس با عواقب روانی و اخلاقی این عمل مواجه می‌شود، روایت می‌کند.
170,غرور و تعصب,جین آستن,تأثیرات اجتماعی و خانوادگی در انتخاب همسر,رمان,ادبیات کلاسیک,این کتاب داستان الیزابت بنت و خانواده‌اش را در جامعه‌ای که ازدواج و موقعیت اجتماعی اهمیت زیادی دارد، روایت می‌کند.
171,انقلاب بلاکچین,دان و الکس تاپ‌اسکات,تاثیر فناوری بلاکچین بر اقتصاد و جامعه,غیرداستانی,فناوری اطلاعات,این کتاب به بررسی چگونگی تغییرات بنیادین فناوری بلاکچین در اقتصاد، تجارت و جامعه می‌پردازد و نشان می‌دهد که چگونه این فناوری می‌تواند به ایجاد یک سیستم اقتصادی جدید کمک کند.
172,هوش مصنوعی: راهنمایی برای انسان‌ها,مکس تگمارک,آینده هوش مصنوعی و تاثیرات آن بر زندگی انسان‌ها,غیرداستانی,فناوری اطلاعات,این کتاب به بررسی پیشرفت‌های هوش مصنوعی و تاثیرات آن بر زندگی انسان‌ها می‌پردازد و به سوالات اخلاقی و اجتماعی مرتبط با این فناوری پاسخ می‌دهد.
173,داده‌های بزرگ: انقلاب‌هایی که زندگی، کار و تفکر ما را تغییر می‌دهند,ویکتور مایر-شونبرگر و کنث کوکیر,تاثیر داده‌های بزرگ بر تصمیم‌گیری و نوآوری,غیرداستانی,فناوری اطلاعات,این کتاب به بررسی چگونگی استفاده از داده‌های بزرگ در تصمیم‌گیری‌ها و نوآوری‌ها می‌پردازد و نشان می‌دهد که چگونه این داده‌ها می‌توانند به بهبود کارایی و ایجاد فرصت‌های جدید کمک کنند.
174,سرمایه در قرن بیست و یکم,توماس پیکتی,تحلیل نابرابری اقتصادی و توزیع ثروت در طول تاریخ,اقتصادی,تحلیلی,این کتاب به بررسی نابرابری اقتصادی و توزیع ثروت در جوامع مختلف از قرن هجدهم تا به امروز می‌پردازد و راهکارهایی برای کاهش نابرابری ارائه می‌دهد.
175,اقتصاد برای همه,حسین عبده تبریزی,آشنایی با مفاهیم پایه‌ای اقتصاد برای عموم مردم,اقتصادی,آموزشی,این کتاب به زبانی ساده و قابل فهم، مفاهیم پایه‌ای اقتصاد را برای عموم مردم توضیح می‌دهد و به آن‌ها کمک می‌کند تا درک بهتری از مسائل اقتصادی داشته باشند.
176,اقتصاد نهادگرا,داگلاس نورث,نقش نهادها در توسعه اقتصادی,اقتصادی,تحلیلی,این کتاب به بررسی نقش نهادها و ساختارهای اجتماعی در توسعه اقتصادی می‌پردازد و نشان می‌دهد که چگونه نهادها می‌توانند بر عملکرد اقتصادی جوامع تأثیر بگذارند.
177,نابخردی‌های پیش‌بینی‌پذیر,دن اریلی,رفتارهای غیرمنطقی انسان‌ها در تصمیم‌گیری‌های اقتصادی,علمی,اقتصاد رفتاری,این کتاب به بررسی رفتارهای غیرمنطقی و پیش‌بینی‌پذیر انسان‌ها در تصمیم‌گیری‌های اقتصادی می‌پردازد و نشان می‌دهد که چگونه این رفتارها می‌توانند بر اقتصاد تأثیر بگذارند.
178,تفکر، سریع و کند,دنیل کانمن,دو سیستم فکری انسان و تأثیر آن‌ها بر تصمیم‌گیری,علمی,اقتصاد رفتاری,این کتاب به بررسی دو سیستم فکری انسان، یکی سریع و شهودی و دیگری کند و منطقی، می‌پردازد و نشان می‌دهد که چگونه این دو سیستم بر تصمیم‌گیری‌های اقتصادی تأثیر می‌گذارند.
179,سقلمه,ریچارد تیلر و کاس سانستین,چگونه تغییرات کوچک می‌توانند تصمیم‌گیری‌های بزرگ را تحت تأثیر قرار دهند,علمی,اقتصاد رفتاری,این کتاب به بررسی این موضوع می‌پردازد که چگونه تغییرات کوچک در محیط و اطلاعات می‌توانند تصمیم‌گیری‌های افراد را به سمت نتایج بهتر هدایت کنند.
